{
  "story": "Wacky Wizard",
  "startnode": "1",
  "passages": [
    {
      "name": "Beginning",
      "tags": "",
      "pid": "1",
      "original": "You are a wizard and you are given your final trial.\n\nYou must help a local human village overcome some problems they are having. \n\nAll you have in the pocket of your cloak are 12 silver pieces...\n\n[[Approach the village->Village Entrance]]",
      "links": [
        {
          "original": "[[Approach the village->Village Entrance]]",
          "label": "Approach the village",
          "newPassage": "Village Entrance",
          "pid": "2",
          "selection": "1"
        }
      ],
      "text": "You are a wizard and you are given your final trial.\n\nYou must help a local human village overcome some problems they are having. \n\nAll you have in the pocket of your cloak are 12 silver pieces..."
    },
    {
      "name": "Village Entrance",
      "tags": "",
      "pid": "2",
      "original": "You exit the forest you were traveling through and enter the village.\n\nImmediately you see a crowd surrounding a pig-man and an orc fighting each other.\n\n//You begin to be filled with feelings of confusion.//\n\n''You were told that this was a human village...''\n\n[[Tell them to stop-> Village Entrance2]]\n[[Allow them to continue to fight-> Village Entrance3]]",
      "links": [
        {
          "original": "[[Tell them to stop-> Village Entrance2]]",
          "label": "Tell them to stop",
          "newPassage": " Village Entrance2",
          "pid": "3",
          "selection": "1"
        },
        {
          "original": "[[Allow them to continue to fight-> Village Entrance3]]",
          "label": "Allow them to continue to fight",
          "newPassage": " Village Entrance3",
          "pid": "4",
          "selection": "2"
        }
      ],
      "text": "You exit the forest you were traveling through and enter the village.\n\nImmediately you see a crowd surrounding a pig-man and an orc fighting each other.\n\n//You begin to be filled with feelings of confusion.//\n\n''You were told that this was a human village...''"
    },
    {
      "name": " Village Entrance2",
      "tags": "",
      "pid": "3",
      "original": "The crowd is silent and the pig-man and orc stop fighting and look at you.\n\n[[Ask them to go home-> Village Square]]\n[[Ask the orc what's going on-> Orc Dialogue]]\n[[Ask the pigman what's going on-> Pigman Dialogue]]",
      "links": [
        {
          "original": "[[Ask them to go home-> Village Square]]",
          "label": "Ask them to go home",
          "newPassage": " Village Square",
          "pid": "5",
          "selection": "1"
        },
        {
          "original": "[[Ask the orc what's going on-> Orc Dialogue]]",
          "label": "Ask the orc what's going on",
          "newPassage": " Orc Dialogue",
          "pid": "6",
          "selection": "2"
        },
        {
          "original": "[[Ask the pigman what's going on-> Pigman Dialogue]]",
          "label": "Ask the pigman what's going on",
          "newPassage": " Pigman Dialogue",
          "pid": "7",
          "selection": "3"
        }
      ],
      "text": "The crowd is silent and the pig-man and orc stop fighting and look at you."
    },
    {
      "name": " Village Entrance3",
      "tags": "",
      "pid": "4",
      "original": "The crowd continues to be loud but slowly voices change to a whisper.\n\nThe eyes of the crowd, and soon the two fighting, begin to look at you.\n\n[[Ask them to go home-> Village Square]]\n[[Ask the orc what's going on-> Orc Dialogue]]\n[[Ask the pigman what's going on-> Pigman Dialogue]]",
      "links": [
        {
          "original": "[[Ask them to go home-> Village Square]]",
          "label": "Ask them to go home",
          "newPassage": " Village Square",
          "pid": "5",
          "selection": "1"
        },
        {
          "original": "[[Ask the orc what's going on-> Orc Dialogue]]",
          "label": "Ask the orc what's going on",
          "newPassage": " Orc Dialogue",
          "pid": "6",
          "selection": "2"
        },
        {
          "original": "[[Ask the pigman what's going on-> Pigman Dialogue]]",
          "label": "Ask the pigman what's going on",
          "newPassage": " Pigman Dialogue",
          "pid": "7",
          "selection": "3"
        }
      ],
      "text": "The crowd continues to be loud but slowly voices change to a whisper.\n\nThe eyes of the crowd, and soon the two fighting, begin to look at you."
    },
    {
      "name": " Village Square",
      "tags": "",
      "pid": "5",
      "original": "Louder and louder talking ensues but eventually the crowd, and fighters, head to home.\n\nNow that everyone has cleared out you are able to look at the village.\n\n//You see no signs of humans around the village... //\n\nYou notice a few things.\n\n[[You see a store which seems to be run by a pigman. -> The Keep]]\n[[You see a lonesome chapel at the edge of the village. Just seeing it makes you feel uneasy. -> The Chapel Pre Directions]]\n[[You notice the pigmen in the village are gathered in one area of the village -> Pigmen Area]]\n[[You notice the orcs in the village are gathered in another area of the village -> Orc Area]]",
      "links": [
        {
          "original": "[[You see a store which seems to be run by a pigman. -> The Keep]]",
          "label": "You see a store which seems to be run by a pigman. ",
          "newPassage": " The Keep",
          "pid": "9",
          "selection": "1"
        },
        {
          "original": "[[You see a lonesome chapel at the edge of the village. Just seeing it makes you feel uneasy. -> The Chapel Pre Directions]]",
          "label": "You see a lonesome chapel at the edge of the village. Just seeing it makes you feel uneasy. ",
          "newPassage": " The Chapel Pre Directions",
          "pid": "13",
          "selection": "2"
        },
        {
          "original": "[[You notice the pigmen in the village are gathered in one area of the village -> Pigmen Area]]",
          "label": "You notice the pigmen in the village are gathered in one area of the village ",
          "newPassage": " Pigmen Area",
          "pid": "11",
          "selection": "3"
        },
        {
          "original": "[[You notice the orcs in the village are gathered in another area of the village -> Orc Area]]",
          "label": "You notice the orcs in the village are gathered in another area of the village ",
          "newPassage": " Orc Area",
          "pid": "12",
          "selection": "4"
        }
      ],
      "text": "Louder and louder talking ensues but eventually the crowd, and fighters, head to home.\n\nNow that everyone has cleared out you are able to look at the village.\n\n//You see no signs of humans around the village... //\n\nYou notice a few things."
    },
    {
      "name": " Orc Dialogue",
      "tags": "",
      "pid": "6",
      "original": "You ask the orc what is going on.\n\n//You quickly glance at the pigman and he stares angerly at you.//\n\nThe orc begins to speak...\n\nShe introduces herself as Gorula\n\n\"Master Wizard, this here Pigman has dishonored our name\"\n\n\"He has accused us of kidnapping his people without any evidence!\"\n\nYou take in what Gorula has said and then you ask the crowd to clear and go home.\n\n[[The Orc invites you to his home to properly explain-> Orc Home]]\n[[Explore the village square-> Village Square2]]",
      "links": [
        {
          "original": "[[The Orc invites you to his home to properly explain-> Orc Home]]",
          "label": "The Orc invites you to his home to properly explain",
          "newPassage": " Orc Home",
          "pid": "48",
          "selection": "1"
        },
        {
          "original": "[[Explore the village square-> Village Square2]]",
          "label": "Explore the village square",
          "newPassage": " Village Square2",
          "pid": "10",
          "selection": "2"
        }
      ],
      "text": "You ask the orc what is going on.\n\n//You quickly glance at the pigman and he stares angerly at you.//\n\nThe orc begins to speak...\n\nShe introduces herself as Gorula\n\n\"Master Wizard, this here Pigman has dishonored our name\"\n\n\"He has accused us of kidnapping his people without any evidence!\"\n\nYou take in what Gorula has said and then you ask the crowd to clear and go home."
    },
    {
      "name": " Pigman Dialogue",
      "tags": "",
      "pid": "7",
      "original": "You ask the pigman what is going on.\n\n//You glance over at the orc and she looks disapointed in you.//\n\nThe pigman begins speaking...\n\nHe introduces himself as a man named Antonio\n\n\"The orcs! The orcs have taken some of our people and we demand them back!\"\n\nYou take in what Antonio has said and then you ask the crowd to clear and go home.\n\n[[The pigman invites you to his home to properly explain-> Pigman Home]]\n[[Explore the village square-> Village Square2]]",
      "links": [
        {
          "original": "[[The pigman invites you to his home to properly explain-> Pigman Home]]",
          "label": "The pigman invites you to his home to properly explain",
          "newPassage": " Pigman Home",
          "pid": "8",
          "selection": "1"
        },
        {
          "original": "[[Explore the village square-> Village Square2]]",
          "label": "Explore the village square",
          "newPassage": " Village Square2",
          "pid": "10",
          "selection": "2"
        }
      ],
      "text": "You ask the pigman what is going on.\n\n//You glance over at the orc and she looks disapointed in you.//\n\nThe pigman begins speaking...\n\nHe introduces himself as a man named Antonio\n\n\"The orcs! The orcs have taken some of our people and we demand them back!\"\n\nYou take in what Antonio has said and then you ask the crowd to clear and go home."
    },
    {
      "name": " Pigman Home",
      "tags": "",
      "pid": "8",
      "original": "You enter Antonio's home. \n\nHe explains that he has become a sort of defacto leader within the faction of Pigmen that wish to have the orcs removed from the village.\n\nAnd, as he had mentioned before, he says that the Orcs are responsible for missing people.\n\n[[Ask Antonio About The Human's ->Humans]]\n[[Thank him for his time and go back to the village square -> Village Square2]]",
      "links": [
        {
          "original": "[[Ask Antonio About The Human's ->Humans]]",
          "label": "Ask Antonio About The Human's ",
          "newPassage": "Humans",
          "pid": "17",
          "selection": "1"
        },
        {
          "original": "[[Thank him for his time and go back to the village square -> Village Square2]]",
          "label": "Thank him for his time and go back to the village square ",
          "newPassage": " Village Square2",
          "pid": "10",
          "selection": "2"
        }
      ],
      "text": "You enter Antonio's home. \n\nHe explains that he has become a sort of defacto leader within the faction of Pigmen that wish to have the orcs removed from the village.\n\nAnd, as he had mentioned before, he says that the Orcs are responsible for missing people."
    },
    {
      "name": " The Keep",
      "tags": "",
      "pid": "9",
      "original": "You arrive at a shop that has a big sign above it reading \"The Keep\".\n\nThere, a Pigman is and on his nametag reads \"Wender\".\n\nThe Pigman notices your approach and says:\n\n\"Hello friend! What can I do for you?\"\n\n[[\"What do you have?\"->Menu Options]]\n[[\"Do you have any information on what's going on around here?\" ->Question]]",
      "links": [
        {
          "original": "[[\"What do you have?\"->Menu Options]]",
          "label": "\"What do you have?\"",
          "newPassage": "Menu Options",
          "pid": "22",
          "selection": "1"
        },
        {
          "original": "[[\"Do you have any information on what's going on around here?\" ->Question]]",
          "label": "\"Do you have any information on what's going on around here?\" ",
          "newPassage": "Question",
          "pid": "23",
          "selection": "2"
        }
      ],
      "text": "You arrive at a shop that has a big sign above it reading \"The Keep\".\n\nThere, a Pigman is and on his nametag reads \"Wender\".\n\nThe Pigman notices your approach and says:\n\n\"Hello friend! What can I do for you?\""
    },
    {
      "name": " Village Square2",
      "tags": "",
      "pid": "10",
      "original": "Now that everyone has cleared out you are able to look at the village.\n\n//You see no signs of humans around the village... //\n\nYou notice a few things.\n\n[[You see a store which seems to be run by a pigman. -> The Keep]]\n[[You see a lonesome chapel at the edge of the village. Just seeing it makes you feel uneasy. -> The Chapel Pre Directions]]\n[[You notice the pigmen in the village are gathered in one area of the village -> Pigmen Area]]\n[[You notice the orcs in the village are gathered in another area of the village -> Orc Area]]",
      "links": [
        {
          "original": "[[You see a store which seems to be run by a pigman. -> The Keep]]",
          "label": "You see a store which seems to be run by a pigman. ",
          "newPassage": " The Keep",
          "pid": "9",
          "selection": "1"
        },
        {
          "original": "[[You see a lonesome chapel at the edge of the village. Just seeing it makes you feel uneasy. -> The Chapel Pre Directions]]",
          "label": "You see a lonesome chapel at the edge of the village. Just seeing it makes you feel uneasy. ",
          "newPassage": " The Chapel Pre Directions",
          "pid": "13",
          "selection": "2"
        },
        {
          "original": "[[You notice the pigmen in the village are gathered in one area of the village -> Pigmen Area]]",
          "label": "You notice the pigmen in the village are gathered in one area of the village ",
          "newPassage": " Pigmen Area",
          "pid": "11",
          "selection": "3"
        },
        {
          "original": "[[You notice the orcs in the village are gathered in another area of the village -> Orc Area]]",
          "label": "You notice the orcs in the village are gathered in another area of the village ",
          "newPassage": " Orc Area",
          "pid": "12",
          "selection": "4"
        }
      ],
      "text": "Now that everyone has cleared out you are able to look at the village.\n\n//You see no signs of humans around the village... //\n\nYou notice a few things."
    },
    {
      "name": " Pigmen Area",
      "tags": "",
      "pid": "11",
      "original": "You begin to enter the Pigmen area. \n\nAs you inch closer and closer you hear chants of: \"Antonio!\"\n\nAnd you see Antonio talking to these pigmen spewing on and on about how the Orcs are a threat to the village.\n\nYou look around some more and see building labeled \"President's Office\"\n\n[[Head back to the Village Square ->Village Square - Day]] \n[[Head inside the President's Office->President's Office]]",
      "links": [
        {
          "original": "[[Head back to the Village Square ->Village Square - Day]]",
          "label": "Head back to the Village Square ",
          "newPassage": "Village Square - Day",
          "pid": "19",
          "selection": "1"
        },
        {
          "original": "[[Head inside the President's Office->President's Office]]",
          "label": "Head inside the President's Office",
          "newPassage": "President's Office",
          "pid": "51",
          "selection": "2"
        }
      ],
      "text": "You begin to enter the Pigmen area. \n\nAs you inch closer and closer you hear chants of: \"Antonio!\"\n\nAnd you see Antonio talking to these pigmen spewing on and on about how the Orcs are a threat to the village.\n\nYou look around some more and see building labeled \"President's Office\""
    },
    {
      "name": " Orc Area",
      "tags": "",
      "pid": "12",
      "original": "As you approach the Orc encampment you noticed how impoverished the community is.\n\nMost are living in basic tents but there are a few fully built houses and a few more that seem to be in the process of being built.\n\nYou see many people, walking around carrying supplies and working as a community. \n\nYou see baskets of food and Orcs carrying stone to be put down for foundation for more houses. \n\nAt the center of it all you see the Orc who was fighting earlier giving orders and directing her people.\n\n[[Approach... -> Approach]]\n[[Head back to the Village Square ->Village Square - Day]]",
      "links": [
        {
          "original": "[[Approach... -> Approach]]",
          "label": "Approach... ",
          "newPassage": " Approach",
          "pid": "56",
          "selection": "1"
        },
        {
          "original": "[[Head back to the Village Square ->Village Square - Day]]",
          "label": "Head back to the Village Square ",
          "newPassage": "Village Square - Day",
          "pid": "19",
          "selection": "2"
        }
      ],
      "text": "As you approach the Orc encampment you noticed how impoverished the community is.\n\nMost are living in basic tents but there are a few fully built houses and a few more that seem to be in the process of being built.\n\nYou see many people, walking around carrying supplies and working as a community. \n\nYou see baskets of food and Orcs carrying stone to be put down for foundation for more houses. \n\nAt the center of it all you see the Orc who was fighting earlier giving orders and directing her people."
    },
    {
      "name": " The Chapel Pre Directions",
      "tags": "",
      "pid": "13",
      "original": "//You knock on the chapels door.//\n\nYou hear no answer.\n\n\n[[Try to break in -> Break In]]\n[[Head back to the square -> Village Square - Pre Directions]]",
      "links": [
        {
          "original": "[[Try to break in -> Break In]]",
          "label": "Try to break in ",
          "newPassage": " Break In",
          "pid": "15",
          "selection": "1"
        },
        {
          "original": "[[Head back to the square -> Village Square - Pre Directions]]",
          "label": "Head back to the square ",
          "newPassage": " Village Square - Pre Directions",
          "pid": "14",
          "selection": "2"
        }
      ],
      "text": "//You knock on the chapels door.//\n\nYou hear no answer."
    },
    {
      "name": " Village Square - Pre Directions",
      "tags": "",
      "pid": "14",
      "original": "//The Chapel still looms in the distance...//\n\n[[You see a store which seems to be run by a pigman. -> The Keep]]\n[[There is the Chapel on the edge of the village -> The Chapel Pre Directions]]\n[[You notice the pigmen in the village are gathered in one area of the village -> Pigmen Area]]\n[[You notice the orcs in the village are gathered in another area of the village -> Orc Area]]\n[[Wait... -> Village Square - Night]]",
      "links": [
        {
          "original": "[[You see a store which seems to be run by a pigman. -> The Keep]]",
          "label": "You see a store which seems to be run by a pigman. ",
          "newPassage": " The Keep",
          "pid": "9",
          "selection": "1"
        },
        {
          "original": "[[There is the Chapel on the edge of the village -> The Chapel Pre Directions]]",
          "label": "There is the Chapel on the edge of the village ",
          "newPassage": " The Chapel Pre Directions",
          "pid": "13",
          "selection": "2"
        },
        {
          "original": "[[You notice the pigmen in the village are gathered in one area of the village -> Pigmen Area]]",
          "label": "You notice the pigmen in the village are gathered in one area of the village ",
          "newPassage": " Pigmen Area",
          "pid": "11",
          "selection": "3"
        },
        {
          "original": "[[You notice the orcs in the village are gathered in another area of the village -> Orc Area]]",
          "label": "You notice the orcs in the village are gathered in another area of the village ",
          "newPassage": " Orc Area",
          "pid": "12",
          "selection": "4"
        },
        {
          "original": "[[Wait... -> Village Square - Night]]",
          "label": "Wait... ",
          "newPassage": " Village Square - Night",
          "pid": "21",
          "selection": "5"
        }
      ],
      "text": "//The Chapel still looms in the distance...//"
    },
    {
      "name": " Break In",
      "tags": "",
      "pid": "15",
      "original": "You successfully unlock the door.\n\nYou enter the building quietly...\n\nThe Chapel is dark, only lit by a few candles. However, you can make out an iron door chained closed with a massive padlock which seems to be enchanted.\n\nA man wearing the armor of a knight and holding a massive greatsword now faces you.\n\n\"You are not welcome here.\" He says.\n\nHe lifts his sword and you fall unconscious.\n\n[[... -> The Basement - Bad Ending]]",
      "links": [
        {
          "original": "[[... -> The Basement - Bad Ending]]",
          "label": "... ",
          "newPassage": " The Basement - Bad Ending",
          "pid": "16",
          "selection": "1"
        }
      ],
      "text": "You successfully unlock the door.\n\nYou enter the building quietly...\n\nThe Chapel is dark, only lit by a few candles. However, you can make out an iron door chained closed with a massive padlock which seems to be enchanted.\n\nA man wearing the armor of a knight and holding a massive greatsword now faces you.\n\n\"You are not welcome here.\" He says.\n\nHe lifts his sword and you fall unconscious."
    },
    {
      "name": " The Basement - Bad Ending",
      "tags": "",
      "pid": "16",
      "original": "//You wake up...//\n\nA man wearing priest's attire stands in front of you. ''Something seems off about him.''\n\n\"You shouldn't  have broken in\" He says.\n\n//Purple swirls appear around you. And you feel a burning sensation.//\n\nYour vision fades to black. You know this is the end\n\n[[Restart->Beginning]]",
      "links": [
        {
          "original": "[[Restart->Beginning]]",
          "label": "Restart",
          "newPassage": "Beginning",
          "pid": "1",
          "selection": "1"
        }
      ],
      "text": "//You wake up...//\n\nA man wearing priest's attire stands in front of you. ''Something seems off about him.''\n\n\"You shouldn't  have broken in\" He says.\n\n//Purple swirls appear around you. And you feel a burning sensation.//\n\nYour vision fades to black. You know this is the end"
    },
    {
      "name": "Humans",
      "tags": "",
      "pid": "17",
      "original": "Antonio tells you that some months ago the Pigmen in this village orignally came from a neighboring village.\n\nHis village was destroyed by the ever increasing darkness of the forest which eventually consumed his village.\n\nHe and the other leaders decided to move his people out where they eventually stumbled upon this village.\n\nThe humans here welcomed the pigmen.\n\nOver time, a couple humans ended up going missing.\n\nA few months later the Orcs came to the village seeking refuge and the humans invited them in.\n\n[[Continue... ->continue]]",
      "links": [
        {
          "original": "[[Continue... ->continue]]",
          "label": "Continue... ",
          "newPassage": "continue",
          "pid": "18",
          "selection": "1"
        }
      ],
      "text": "Antonio tells you that some months ago the Pigmen in this village orignally came from a neighboring village.\n\nHis village was destroyed by the ever increasing darkness of the forest which eventually consumed his village.\n\nHe and the other leaders decided to move his people out where they eventually stumbled upon this village.\n\nThe humans here welcomed the pigmen.\n\nOver time, a couple humans ended up going missing.\n\nA few months later the Orcs came to the village seeking refuge and the humans invited them in."
    },
    {
      "name": "continue",
      "tags": "",
      "pid": "18",
      "original": "But, soon after the Orcs came in disapearences within the humans and Pigmen alike began to happen.\n\nNaturally, Antonio says, it only makes sense that the Orcs must be doing something with the missing humans and pigmen.\n\nHe tells you the remaining humans reside in'' a chapel'' on the edge of the village.\n\nYou thank Antionio for his time. You feel the urge to take a look around the rest of the town.\n\n[[Explore Village Square ->Village Square - Day]]",
      "links": [
        {
          "original": "[[Explore Village Square ->Village Square - Day]]",
          "label": "Explore Village Square ",
          "newPassage": "Village Square - Day",
          "pid": "19",
          "selection": "1"
        }
      ],
      "text": "But, soon after the Orcs came in disapearences within the humans and Pigmen alike began to happen.\n\nNaturally, Antonio says, it only makes sense that the Orcs must be doing something with the missing humans and pigmen.\n\nHe tells you the remaining humans reside in'' a chapel'' on the edge of the village.\n\nYou thank Antionio for his time. You feel the urge to take a look around the rest of the town."
    },
    {
      "name": "Village Square - Day",
      "tags": "",
      "pid": "19",
      "original": "You enter the village square as the bright light of the sun beams down on you.\n\n[[There is a store called The Keep -> The Keep]] \n[[There is the Chapel on the edge of the village -> The Chapel]]\n[[There is the area which seems to be flooded by Pigmen -> Pigmen Area]] \n[[There is an area enhabited by mainly Orcs -> Orc Area]] \n[[Wait and observe until night -> Village Square - Night]]",
      "links": [
        {
          "original": "[[There is a store called The Keep -> The Keep]]",
          "label": "There is a store called The Keep ",
          "newPassage": " The Keep",
          "pid": "9",
          "selection": "1"
        },
        {
          "original": "[[There is the Chapel on the edge of the village -> The Chapel]]",
          "label": "There is the Chapel on the edge of the village ",
          "newPassage": " The Chapel",
          "pid": "20",
          "selection": "2"
        },
        {
          "original": "[[There is the area which seems to be flooded by Pigmen -> Pigmen Area]]",
          "label": "There is the area which seems to be flooded by Pigmen ",
          "newPassage": " Pigmen Area",
          "pid": "11",
          "selection": "3"
        },
        {
          "original": "[[There is an area enhabited by mainly Orcs -> Orc Area]]",
          "label": "There is an area enhabited by mainly Orcs ",
          "newPassage": " Orc Area",
          "pid": "12",
          "selection": "4"
        },
        {
          "original": "[[Wait and observe until night -> Village Square - Night]]",
          "label": "Wait and observe until night ",
          "newPassage": " Village Square - Night",
          "pid": "21",
          "selection": "5"
        }
      ],
      "text": "You enter the village square as the bright light of the sun beams down on you."
    },
    {
      "name": " The Chapel",
      "tags": "",
      "pid": "20",
      "original": "//You knock on the chapels door.//\n\nYou hear no answer.\n\n[[Knock Again -> The Chapel2]]",
      "links": [
        {
          "original": "[[Knock Again -> The Chapel2]]",
          "label": "Knock Again ",
          "newPassage": " The Chapel2",
          "pid": "35",
          "selection": "1"
        }
      ],
      "text": "//You knock on the chapels door.//\n\nYou hear no answer."
    },
    {
      "name": " Village Square - Night",
      "tags": "",
      "pid": "21",
      "original": "It is dark outside. The only light coming from a few street lamps and the dimly lit moon.\n\nThere is no one in either of the areas that used to be flooded with Pigmen and Orcs, they must have went to bed...\n\n[[The street vender is still open, but there is now a human at the stand... ->The Keep - Night]] \n\n[[A window on the Chapel at the edge of town now appears to be lit by a single lamplight -> The Chapel]] \n\n[[Wait for day. ->Village Square - Day]]",
      "links": [
        {
          "original": "[[The street vender is still open, but there is now a human at the stand... ->The Keep - Night]]",
          "label": "The street vender is still open, but there is now a human at the stand... ",
          "newPassage": "The Keep - Night",
          "pid": "26",
          "selection": "1"
        },
        {
          "original": "[[A window on the Chapel at the edge of town now appears to be lit by a single lamplight -> The Chapel]]",
          "label": "A window on the Chapel at the edge of town now appears to be lit by a single lamplight ",
          "newPassage": " The Chapel",
          "pid": "20",
          "selection": "2"
        },
        {
          "original": "[[Wait for day. ->Village Square - Day]]",
          "label": "Wait for day. ",
          "newPassage": "Village Square - Day",
          "pid": "19",
          "selection": "3"
        }
      ],
      "text": "It is dark outside. The only light coming from a few street lamps and the dimly lit moon.\n\nThere is no one in either of the areas that used to be flooded with Pigmen and Orcs, they must have went to bed..."
    },
    {
      "name": "Menu Options",
      "tags": "",
      "pid": "22",
      "original": "Wender responds:\n\n\"We have pies for 2 silver pieces and ale for one! \n\nWe also accept goods for trade!\"\n\n[[Buy pie & ale ->Buy Goods]]\n[[Buy Nothing ->Nothing]]",
      "links": [
        {
          "original": "[[Buy pie & ale ->Buy Goods]]",
          "label": "Buy pie & ale ",
          "newPassage": "Buy Goods",
          "pid": "24",
          "selection": "1"
        },
        {
          "original": "[[Buy Nothing ->Nothing]]",
          "label": "Buy Nothing ",
          "newPassage": "Nothing",
          "pid": "25",
          "selection": "2"
        }
      ],
      "text": "Wender responds:\n\n\"We have pies for 2 silver pieces and ale for one! \n\nWe also accept goods for trade!\""
    },
    {
      "name": "Question",
      "tags": "",
      "pid": "23",
      "original": "//Wender looks upset://\n\n\"Ahh yes this village has been in some trouble lately.\"\n\n\"There have been some disapearences within the village and some of my people believe that the Orcs are behind it...\"\n\n[[\"Do you have any information on the humans here?->Question2]]",
      "links": [
        {
          "original": "[[\"Do you have any information on the humans here?->Question2]]",
          "label": "\"Do you have any information on the humans here?",
          "newPassage": "Question2",
          "pid": "27",
          "selection": "1"
        }
      ],
      "text": "//Wender looks upset://\n\n\"Ahh yes this village has been in some trouble lately.\"\n\n\"There have been some disapearences within the village and some of my people believe that the Orcs are behind it...\""
    },
    {
      "name": "Buy Goods",
      "tags": "",
      "pid": "24",
      "original": "//You hand Wender some money and he gives you what you had bought.//\n\n\"Enjoy good sir! Is there anything else I can do for you?\"\n\n[[\"Do you have any information on what's going on around here?\" ->Question]]\n[[\"No, thank you. ->Village Square - Day]]",
      "inventory":"Pie&Ale",
      "links": [
        {
          "original": "[[\"Do you have any information on what's going on around here?\" ->Question]]",
          "label": "\"Do you have any information on what's going on around here?\" ",
          "newPassage": "Question",
          "pid": "23",
          "selection": "1"
        },
        {
          "original": "[[\"No, thank you. ->Village Square - Day]]",
          "label": "\"No, thank you. ",
          "newPassage": "Village Square - Day",
          "pid": "19",
          "selection": "2"
        }
      ],
      "text": "//You hand Wender some money and he gives you what you had bought.//\n\n\"Enjoy good sir! Is there anything else I can do for you?\""
    },
    {
      "name": "Nothing",
      "tags": "",
      "pid": "25",
      "original": "\"Well no problem! Have a good day!\n\n[[\"You as well!\" ->Village Square - Day]]",
      "links": [
        {
          "original": "[[\"You as well!\" ->Village Square - Day]]",
          "label": "\"You as well!\" ",
          "newPassage": "Village Square - Day",
          "pid": "19",
          "selection": "1"
        }
      ],
      "text": "\"Well no problem! Have a good day!"
    },
    {
      "name": "The Keep - Night",
      "tags": "",
      "pid": "26",
      "original": "You approach the shop named \"The Keep\" at night.\n\nIt is brightened by two lamps on either side of the desk that sits connected in front of the shop's window.\n\nBehind the window is a human woman. Her nametag reads \"Beatrice\".\n\n\"Hello! What Can I do for you today?\"\n\n[[\"What do you have?\"->Menu Options - Night]]\n[[\"Do you have any information on what's going on around here?\" ->Question - Night]]",
      "links": [
        {
          "original": "[[\"What do you have?\"->Menu Options - Night]]",
          "label": "\"What do you have?\"",
          "newPassage": "Menu Options - Night",
          "pid": "28",
          "selection": "1"
        },
        {
          "original": "[[\"Do you have any information on what's going on around here?\" ->Question - Night]]",
          "label": "\"Do you have any information on what's going on around here?\" ",
          "newPassage": "Question - Night",
          "pid": "29",
          "selection": "2"
        }
      ],
      "text": "You approach the shop named \"The Keep\" at night.\n\nIt is brightened by two lamps on either side of the desk that sits connected in front of the shop's window.\n\nBehind the window is a human woman. Her nametag reads \"Beatrice\".\n\n\"Hello! What Can I do for you today?\""
    },
    {
      "name": "Question2",
      "tags": "",
      "pid": "27",
      "original": "//Wender becomes more uncomfortable and looks around frantically://\n\n\"All I know is that they reside in the Chapel on the edge of the village\"\n\n\"But I would advise you stay away...\"\n\n[[\"Thank You.\" ->Village Square - Day]]",
      "links": [
        {
          "original": "[[\"Thank You.\" ->Village Square - Day]]",
          "label": "\"Thank You.\" ",
          "newPassage": "Village Square - Day",
          "pid": "19",
          "selection": "1"
        }
      ],
      "text": "//Wender becomes more uncomfortable and looks around frantically://\n\n\"All I know is that they reside in the Chapel on the edge of the village\"\n\n\"But I would advise you stay away...\""
    },
    {
      "name": "Menu Options - Night",
      "tags": "",
      "pid": "28",
      "original": "Beatrice responds:\n\n\"We have pies for 2 silver pieces  and ale for a silver piece.\"\n\n\"We also accept goods for trade!\"\n\n[[Buy a pie & ale ->Buy Goods - Night]]\n[[Buy Nothing ->Nothing - Night]]",
      "links": [
        {
          "original": "[[Buy a pie & ale ->Buy Goods - Night]]",
          "label": "Buy a pie & ale ",
          "newPassage": "Buy Goods - Night",
          "pid": "30",
          "selection": "1"
        },
        {
          "original": "[[Buy Nothing ->Nothing - Night]]",
          "label": "Buy Nothing ",
          "newPassage": "Nothing - Night",
          "pid": "31",
          "selection": "2"
        }
      ],
      "text": "Beatrice responds:\n\n\"We have pies for 2 silver pieces  and ale for a silver piece.\"\n\n\"We also accept goods for trade!\""
    },
    {
      "name": "Question - Night",
      "tags": "",
      "pid": "29",
      "original": "//Beatrice looks upset://\n\n\"It seems like more and more people lately are going missing\"\n\n\"Not just humans but Pigmen and Orcs too.\"\n\n\"Some people believe that the Orcs are behind it but I know that isn't true...\"\n\n[[\"Do you have any information on the remaining humans here?->Question2 - Night]]\n[[\"Who is behind it then? ->Question3]]",
      "links": [
        {
          "original": "[[\"Do you have any information on the remaining humans here?->Question2 - Night]]",
          "label": "\"Do you have any information on the remaining humans here?",
          "newPassage": "Question2 - Night",
          "pid": "32",
          "selection": "1"
        },
        {
          "original": "[[\"Who is behind it then? ->Question3]]",
          "label": "\"Who is behind it then? ",
          "newPassage": "Question3",
          "pid": "33",
          "selection": "2"
        }
      ],
      "text": "//Beatrice looks upset://\n\n\"It seems like more and more people lately are going missing\"\n\n\"Not just humans but Pigmen and Orcs too.\"\n\n\"Some people believe that the Orcs are behind it but I know that isn't true...\""
    },
    {
      "name": "Buy Goods - Night",
      "tags": "",
      "pid": "30",
      "original": "//You hand Beatrice some money and she gives you what you had bought.//\n\n\"Enjoy good sir! Is there anything else I can do for you?\"\n\n[[\"Do you have any information on what's going on around here?\" ->Question - Night]]\n[[\"No, thank you. -> Village Square - Night]]",
      "inventory":{
      "name":"Pie & Ale",
      "description": "Maybe this can help you later..."
    },
      "links": [
        {
          "original": "[[\"Do you have any information on what's going on around here?\" ->Question - Night]]",
          "label": "\"Do you have any information on what's going on around here?\" ",
          "newPassage": "Question - Night",
          "pid": "29",
          "selection": "1"
        },
        {
          "original": "[[\"No, thank you. -> Village Square - Night]]",
          "label": "\"No, thank you. ",
          "newPassage": " Village Square - Night",
          "pid": "21",
          "selection": "2"
        }
      ],
      "text": "//You hand Beatrice some money and he gives you what you had bought.//\n\n\"Enjoy good sir! Is there anything else I can do for you?\""
    },
    {
      "name": "Nothing - Night",
      "tags": "",
      "pid": "31",
      "original": "\"Well no problem! Have a good day!\n\n[[\"You as well!\" -> Village Square - Night]]",
      "links": [
        {
          "original": "[[\"You as well!\" -> Village Square - Night]]",
          "label": "\"You as well!\" ",
          "newPassage": " Village Square - Night",
          "pid": "21",
          "selection": "1"
        }
      ],
      "text": "\"Well no problem! Have a good day!"
    },
    {
      "name": "Question2 - Night",
      "tags": "",
      "pid": "32",
      "original": "//Beatrice's eyes widen//\n\n\"My people are typically found at the Chapel at the edge of the village\"\n\n\"I would not advise that you go there however...\"\n\n\"There is a reason I do not associate with them anymore... they have been getting up to some truly ''evil'' things.\"\n\n[[\"What evil things?\".-> evil]]",
      "links": [
        {
          "original": "[[\"What evil things?\".-> evil]]",
          "label": "\"What evil things?\".",
          "newPassage": " evil",
          "pid": "64",
          "selection": "1"
        }
      ],
      "text": "//Beatrice's eyes widen//\n\n\"My people are typically found at the Chapel at the edge of the village\"\n\n\"I would not advise that you go there however...\"\n\n\"There is a reason I do not associate with them anymore... they have been getting up to some truly ''evil'' things.\""
    },
    {
      "name": "Question3",
      "tags": "",
      "pid": "33",
      "original": "//Beatrice's eyes widen//\n\n\"I cannot tell you who is responsible for the disappearnces...\"\n\n//Her eyes shift multiple times as if she was looking for something//\n\n\"I can tell you though that the Orcs and Pigmen are not responsible however...\"\n\n//She quickly changes the subject//\n\n\"Can I get you anything else?\"\n\n[[...->The Keep - Night2]]",
      "links": [
        {
          "original": "[[...->The Keep - Night2]]",
          "label": "...",
          "newPassage": "The Keep - Night2",
          "pid": "34",
          "selection": "1"
        }
      ],
      "text": "//Beatrice's eyes widen//\n\n\"I cannot tell you who is responsible for the disappearnces...\"\n\n//Her eyes shift multiple times as if she was looking for something//\n\n\"I can tell you though that the Orcs and Pigmen are not responsible however...\"\n\n//She quickly changes the subject//\n\n\"Can I get you anything else?\""
    },
    {
      "name": "The Keep - Night2",
      "tags": "",
      "pid": "34",
      "original": "[[\"What do you have?\"->Menu Options - Night]]\n\n[[\"Do you have any information on the remaining humans here?->Question2 - Night]]",
      "links": [
        {
          "original": "[[\"What do you have?\"->Menu Options - Night]]",
          "label": "\"What do you have?\"",
          "newPassage": "Menu Options - Night",
          "pid": "28",
          "selection": "1"
        },
        {
          "original": "[[\"Do you have any information on the remaining humans here?->Question2 - Night]]",
          "label": "\"Do you have any information on the remaining humans here?",
          "newPassage": "Question2 - Night",
          "pid": "32",
          "selection": "2"
        }
      ],
      "text": ""
    },
    {
      "name": " The Chapel2",
      "tags": "",
      "pid": "35",
      "original": "//A man dressed in Priest attire answers the door...//\n\n\"Ahh hello! Welcome! I've heard a lot about you!\"\n\n//He invites you inside//\n\n\"My name is Friar Rodrick and that is Brother Marcus!\"\n\n\"Feel free to rest here whenever you need!\"\n\n//He points to a man standing in knight armor who appears to be guarding an iron door which is sealed by a chain and lock that looks to be enchanted with some kind of magic//\n\n\"What brings you to our chapel, Wizard?\" Brother Marcus asks.\n\n[[\"I was wondering if you had heard anything about these disapearences lately?\"->Disapearences]]",
      "links": [
        {
          "original": "[[\"I was wondering if you had heard anything about these disapearences lately?\"->Disapearences]]",
          "label": "\"I was wondering if you had heard anything about these disapearences lately?\"",
          "newPassage": "Disapearences",
          "pid": "36",
          "selection": "1"
        }
      ],
      "text": "//A man dressed in Priest attire answers the door...//\n\n\"Ahh hello! Welcome! I've heard a lot about you!\"\n\n//He invites you inside//\n\n\"My name is Friar Rodrick and that is Brother Marcus!\"\n\n\"Feel free to rest here whenever you need!\"\n\n//He points to a man standing in knight armor who appears to be guarding an iron door which is sealed by a chain and lock that looks to be enchanted with some kind of magic//\n\n\"What brings you to our chapel, Wizard?\" Brother Marcus asks."
    },
    {
      "name": "Disapearences",
      "tags": "",
      "pid": "36",
      "original": "\"We have been greatly affected by these disapearences... we have heard that the Pigmen we had helped into our village believe those Orcs are responsible.\" Friar Rodricks says.\n\n[[\"Good to know I will look into it for you...->Rest]]\n[[\"The Orcs don't seem capable of such a thing. Who do you think is responsbile?\"-> Responsible]]\n[[\"What is in the basement\"->Basement]]",
      "links": [
        {
          "original": "[[\"Good to know I will look into it for you...->Rest]]",
          "label": "\"Good to know I will look into it for you...",
          "newPassage": "Rest",
          "pid": "37",
          "selection": "1"
        },
        {
          "original": "[[\"The Orcs don't seem capable of such a thing. Who do you think is responsbile?\"-> Responsible]]",
          "label": "\"The Orcs don't seem capable of such a thing. Who do you think is responsbile?\"",
          "newPassage": " Responsible",
          "pid": "39",
          "selection": "2"
        },
        {
          "original": "[[\"What is in the basement\"->Basement]]",
          "label": "\"What is in the basement\"",
          "newPassage": "Basement",
          "pid": "38",
          "selection": "3"
        }
      ],
      "text": "\"We have been greatly affected by these disapearences... we have heard that the Pigmen we had helped into our village believe those Orcs are responsible.\" Friar Rodricks says."
    },
    {
      "name": "Rest",
      "tags": "",
      "pid": "37",
      "original": "\"I really do appriciate it!\" Friar Rodrick says.\n\nFeel free to rest here for the night!\n\n[[Rest...->Rest2]]",
      "links": [
        {
          "original": "[[Rest...->Rest2]]",
          "label": "Rest...",
          "newPassage": "Rest2",
          "pid": "40",
          "selection": "1"
        }
      ],
      "text": "\"I really do appriciate it!\" Friar Rodrick says.\n\nFeel free to rest here for the night!"
    },
    {
      "name": "Basement",
      "tags": "",
      "pid": "38",
      "original": "\"I will show you! Rodrick please open the door!\"\n\nRodrick lays his hands on the lock, removing the enchantment.\n\nFriar Rodrick leads you to the basement...\n\n[[Follow... ->Follow]]",
      "links": [
        {
          "original": "[[Follow... ->Follow]]",
          "label": "Follow... ",
          "newPassage": "Follow",
          "pid": "41",
          "selection": "1"
        }
      ],
      "text": "\"I will show you! Rodrick please open the door!\"\n\nRodrick lays his hands on the lock, removing the enchantment.\n\nFriar Rodrick leads you to the basement..."
    },
    {
      "name": " Responsible",
      "tags": "",
      "pid": "39",
      "original": "\"We are not entirely sure... but we will assist you in whatever you need to get to the bottom of this.\"\n\n[[\"Thank you.->Rest]]\n[[\"What is in the basement?->Basement]]",
      "links": [
        {
          "original": "[[\"Thank you.->Rest]]",
          "label": "\"Thank you.",
          "newPassage": "Rest",
          "pid": "37",
          "selection": "1"
        },
        {
          "original": "[[\"What is in the basement?->Basement]]",
          "label": "\"What is in the basement?",
          "newPassage": "Basement",
          "pid": "38",
          "selection": "2"
        }
      ],
      "text": "\"We are not entirely sure... but we will assist you in whatever you need to get to the bottom of this.\""
    },
    {
      "name": "Rest2",
      "tags": "",
      "pid": "40",
      "original": "//You feel extrememly tired due to your long journey however something feels wrong...//\n\n[[Keep Trying to Go To Sleep -> Rest3]]\n[[Wander back to the main level ->Main level]]",
      "links": [
        {
          "original": "[[Keep Trying to Go To Sleep -> Rest3]]",
          "label": "Keep Trying to Go To Sleep ",
          "newPassage": " Rest3",
          "pid": "45",
          "selection": "1"
        },
        {
          "original": "[[Wander back to the main level ->Main level]]",
          "label": "Wander back to the main level ",
          "newPassage": "Main level",
          "pid": "46",
          "selection": "2"
        }
      ],
      "text": "//You feel extrememly tired due to your long journey however something feels wrong...//"
    },
    {
      "name": "Follow",
      "tags": "",
      "pid": "41",
      "original": "You walk downstairs and you immediately notice something...\n\nAt the center of the basement you see a massive glowing purple crescent moon symbol on the ground.\n\nThere are swirls of purple particles flying about the room. It is some kind of magic you have only read about in the texts at the academy...\n\n''Void magic...''\n\n\"This is where all of the missing people have gone. Me nor Brother Marcus could access this power. We have been waiting for a host to control this power... someone like you...\"\n\n[[What?! ->What]]\n[[Very well->Yes]]",
      "links": [
        {
          "original": "[[What?! ->What]]",
          "label": "What?! ",
          "newPassage": "What",
          "pid": "42",
          "selection": "1"
        },
        {
          "original": "[[Very well->Yes]]",
          "label": "Very well",
          "newPassage": "Yes",
          "pid": "43",
          "selection": "2"
        }
      ],
      "text": "You walk downstairs and you immediately notice something...\n\nAt the center of the basement you see a massive glowing purple crescent moon symbol on the ground.\n\nThere are swirls of purple particles flying about the room. It is some kind of magic you have only read about in the texts at the academy...\n\n''Void magic...''\n\n\"This is where all of the missing people have gone. Me nor Brother Marcus could access this power. We have been waiting for a host to control this power... someone like you...\""
    },
    {
      "name": "What",
      "tags": "",
      "pid": "42",
      "original": "Friar Rodrick continues:\n\n\"This magic has been responsbile for the growing darkness in these forests. We have sacrificed hundreds of not just our own people but others just to get a fraction of this power\"\n\n\"But *he scoffs* our human bodies cannot contain ''this'' level of void magic.\"\n\n\"Which is why we need you\"\n\n//Out of the corner of your eye you see Brother Marcus coming closer...//\n\n[[I will join you...->Yes]]\n[[I will not be a part of this ->Basement-end]]",
      "links": [
        {
          "original": "[[I will join you...->Yes]]",
          "label": "I will join you...",
          "newPassage": "Yes",
          "pid": "43",
          "selection": "1"
        },
        {
          "original": "[[I will not be a part of this ->Basement-end]]",
          "label": "I will not be a part of this ",
          "newPassage": "Basement-end",
          "pid": "44",
          "selection": "2"
        }
      ],
      "text": "Friar Rodrick continues:\n\n\"This magic has been responsbile for the growing darkness in these forests. We have sacrificed hundreds of not just our own people but others just to get a fraction of this power\"\n\n\"But *he scoffs* our human bodies cannot contain ''this'' level of void magic.\"\n\n\"Which is why we need you\"\n\n//Out of the corner of your eye you see Brother Marcus coming closer...//"
    },
    {
      "name": "Yes",
      "tags": "",
      "pid": "43",
      "original": "//Friar Rodrick smirks//\n\n''\"Good.\"''\n\nYou step into the circle and feel yourself consume the void magic.\n\nI did not hurt as much you had expected it would.\n\nIn fact.\n\nIt felt...\n\n''Good.''\n\n[[Restart->Beginning]]",
      "links": [
        {
          "original": "[[Restart->Beginning]]",
          "label": "Restart",
          "newPassage": "Beginning",
          "pid": "1",
          "selection": "1"
        }
      ],
      "text": "//Friar Rodrick smirks//\n\n''\"Good.\"''\n\nYou step into the circle and feel yourself consume the void magic.\n\nI did not hurt as much you had expected it would.\n\nIn fact.\n\nIt felt...\n\n''Good.''"
    },
    {
      "name": "Basement-end",
      "tags": "",
      "pid": "44",
      "original": "\"What a shame. We had so much faith in you.\" You hear Rodrick say.\n\n//Brother Marcus raises his sword. And before you have time to cast a spell...//\n\n''Everything fades to black.''\n\n[[Restart->Beginning]]",
      "links": [
        {
          "original": "[[Restart->Beginning]]",
          "label": "Restart",
          "newPassage": "Beginning",
          "pid": "1",
          "selection": "1"
        }
      ],
      "text": "\"What a shame. We had so much faith in you.\" You hear Rodrick say.\n\n//Brother Marcus raises his sword. And before you have time to cast a spell...//\n\n''Everything fades to black.''"
    },
    {
      "name": " Rest3",
      "tags": "",
      "pid": "45",
      "original": "You fall asleep and wake up feeling refreshed.\n\nYou head down to the main level but do not see Friar Rodrick or Brother Marcus.\n\nYou noticed that the basement door is closed but the enchanted seal is gone...\n\n[[Head Back to the Village ->Village Square - Day]] \n[[Head Downstairs -> Downstairs-Food]]\n[[Head to the basement -> Basement-end-2]]",
      "links": [
        {
          "original": "[[Head Back to the Village ->Village Square - Day]]",
          "label": "Head Back to the Village ",
          "newPassage": "Village Square - Day",
          "pid": "19",
          "selection": "1"
        },
        {
          "original": "[[Head to the basement -> Basement-end-2]]",
          "label": "Head to the basement ",
          "newPassage": " Basement-end-2",
          "pid": "47",
          "selection": "2"
        },
        {
          "original": "[[Head Downstairs -> Downstairs-Food]]",
          "label": "Head Downstairs ",
          "newPassage": " Downstairs-Food",
          "pid": "65",
          "selection": "3",
          "requires": "Pie&Ale"
        }
      ],
      "text": "You fall asleep and wake up feeling refreshed.\n\nYou head down to the main level but do not see Friar Rodrick or Brother Marcus.\n\nYou noticed that the basement door is closed but the enchanted seal is gone..."
    },
    {
      "name": "Main level",
      "tags": "",
      "pid": "46",
      "original": "You head down to the main level but do not see Friar Rodrick or Brother Marcus.\n\nYou noticed that the basement door is closed but the enchanted seal is gone...\n\nYou notice glowing Purple light eminating from the basement.\n\n//You know what kind of magic is being used for the purple light to be shown and you know of the implications it has...//\n\n[[Information on Purple Light -> Information]] \n[[Head to the basement -> Basement-end-2]]",
      "links": [
        {
          "original": "[[Information on Purple Light -> Information]]",
          "label": "Information on Purple Light ",
          "newPassage": " Information",
          "pid": "60",
          "selection": "1"
        },
        {
          "original": "[[Head to the basement -> Basement-end-2]]",
          "label": "Head to the basement ",
          "newPassage": " Basement-end-2",
          "pid": "47",
          "selection": "2"
        }
      ],
      "text": "You head down to the main level but do not see Friar Rodrick or Brother Marcus.\n\nYou noticed that the basement door is closed but the enchanted seal is gone...\n\nYou notice glowing Purple light eminating from the basement.\n\n//You know what kind of magic is being used for the purple light to be shown and you know of the implications it has...//"
    },
    {
      "name": " Basement-end-2",
      "tags": "",
      "pid": "47",
      "original": "You are in the basement.\n\nYou  notice at the center of the basement is a massive glowing purple crescent moon symbol on the ground.\n\nThere are swirls of purple particles flying about the room. It is some kind of magic you have only read about in the texts at the academy...\n\n''Void magic...''\n\nAt the edge of the circle is Friar Marcus in a trance-like state.\n\nBut before you can muster up a single word you hear the sound of a sword-unsheathing and your vision goes dark.\n\n[[Restart->Beginning]]",
      "links": [
        {
          "original": "[[Restart->Beginning]]",
          "label": "Restart",
          "newPassage": "Beginning",
          "pid": "1",
          "selection": "1"
        }
      ],
      "text": "You are in the basement.\n\nYou  notice at the center of the basement is a massive glowing purple crescent moon symbol on the ground.\n\nThere are swirls of purple particles flying about the room. It is some kind of magic you have only read about in the texts at the academy...\n\n''Void magic...''\n\nAt the edge of the circle is Friar Marcus in a trance-like state.\n\nBut before you can muster up a single word you hear the sound of a sword-unsheathing and your vision goes dark."
    },
    {
      "name": " Orc Home",
      "tags": "",
      "pid": "48",
      "original": "You enter Gorula's home. \n\nShe explains she is the daughter of the Orc's former Chieftan who died trying to help his people flee their former village.\n\nShe says that she doesn't know why the Pigmen were so quick to judge her people and use them as a scapegoat.\n\nShe thanks you for listening to her and says that you have a place to stay in her home while you are still in the village.\n\n[[Ask Gorula about her former village ->Village]]\n[[Thank her for her time and go back to the village square -> Village Square2]]",
      "links": [
        {
          "original": "[[Ask Gorula about her former village ->Village]]",
          "label": "Ask Gorula about her former village ",
          "newPassage": "Village",
          "pid": "49",
          "selection": "1"
        },
        {
          "original": "[[Thank her for her time and go back to the village square -> Village Square2]]",
          "label": "Thank her for her time and go back to the village square ",
          "newPassage": " Village Square2",
          "pid": "10",
          "selection": "2"
        }
      ],
      "text": "You enter Gorula's home. \n\nShe explains she is the daughter of the Orc's former Chieftan who died trying to help his people flee their former village.\n\nShe says that she doesn't know why the Pigmen were so quick to judge her people and use them as a scapegoat.\n\nShe thanks you for listening to her and says that you have a place to stay in her home while you are still in the village."
    },
    {
      "name": "Village",
      "tags": "",
      "pid": "49",
      "original": "Gorula tells you that some months ago the Orcs in this village orignally came from a  village far into the dark woods.\n\nHer village was destroyed by the increasing darkness of the forest which eventually consumed her village.\n\nHer and her father decided to move their people out where they eventually stumbled upon this village.\n\nHer father did not make it however...\n\nThe humans here welcomed the Orcs.\n\n[[Continue... ->continue2]]",
      "links": [
        {
          "original": "[[Continue... ->continue2]]",
          "label": "Continue... ",
          "newPassage": "continue2",
          "pid": "50",
          "selection": "1"
        }
      ],
      "text": "Gorula tells you that some months ago the Orcs in this village orignally came from a  village far into the dark woods.\n\nHer village was destroyed by the increasing darkness of the forest which eventually consumed her village.\n\nHer and her father decided to move their people out where they eventually stumbled upon this village.\n\nHer father did not make it however...\n\nThe humans here welcomed the Orcs."
    },
    {
      "name": "continue2",
      "tags": "",
      "pid": "50",
      "original": "Some of the Pigmen were less accepting of their integration into the village.\n\nShe mentions that Antonio, the one she had been fighting, had always been biased against the Orcs, even before people started to go missing.\n\nShe once again thanks you for listening to her and reiterates that you have a place to stay in her home while you are still in the village.\n\n[[Thank her for her time and go back to the village square ->Village Square - Day]]",
      "links": [
        {
          "original": "[[Thank her for her time and go back to the village square ->Village Square - Day]]",
          "label": "Thank her for her time and go back to the village square ",
          "newPassage": "Village Square - Day",
          "pid": "19",
          "selection": "1"
        }
      ],
      "text": "Some of the Pigmen were less accepting of their integration into the village.\n\nShe mentions that Antonio, the one she had been fighting, had always been biased against the Orcs, even before people started to go missing.\n\nShe once again thanks you for listening to her and reiterates that you have a place to stay in her home while you are still in the village."
    },
    {
      "name": "President's Office",
      "tags": "",
      "pid": "51",
      "original": "You enter the office and see a Pigman sitting at a desk.\n\n\"What is your business here Wizard?\" He asks.\n\n[[I wish to speak to the President->cont]]",
      "links": [
        {
          "original": "[[I wish to speak to the President->cont]]",
          "label": "I wish to speak to the President",
          "newPassage": "cont",
          "pid": "52",
          "selection": "1"
        }
      ],
      "text": "You enter the office and see a Pigman sitting at a desk.\n\n\"What is your business here Wizard?\" He asks."
    },
    {
      "name": "cont",
      "tags": "",
      "pid": "52",
      "original": "//You begin to hear footsteps from the back of the room...//\n\n\"The President is extremely busy and you would have to schedule an appo-\"\n\n//A Pigwoman stops the secretary mid-sentence.//\n\n\"Bill... This is the Wizard that was sent to help us with our problems is it not?\"\n\n[[\"I am\" ->cont2]]",
      "links": [
        {
          "original": "[[\"I am\" ->cont2]]",
          "label": "\"I am\" ",
          "newPassage": "cont2",
          "pid": "53",
          "selection": "1"
        }
      ],
      "text": "//You begin to hear footsteps from the back of the room...//\n\n\"The President is extremely busy and you would have to schedule an appo-\"\n\n//A Pigwoman stops the secretary mid-sentence.//\n\n\"Bill... This is the Wizard that was sent to help us with our problems is it not?\""
    },
    {
      "name": "cont2",
      "tags": "",
      "pid": "53",
      "original": "\"Sorry about that, I am President Rosyl\"\n\n\"How can I help you?\"\n\n[[\"Do you have any information on what you think might be going on with the disapearences?\"->PrezQ]]\n[[\"Where are the Humans in this Village?\"->Humanz]]",
      "links": [
        {
          "original": "[[\"Do you have any information on what you think might be going on with the disapearences?\"->PrezQ]]",
          "label": "\"Do you have any information on what you think might be going on with the disapearences?\"",
          "newPassage": "PrezQ",
          "pid": "54",
          "selection": "1"
        },
        {
          "original": "[[\"Where are the Humans in this Village?\"->Humanz]]",
          "label": "\"Where are the Humans in this Village?\"",
          "newPassage": "Humanz",
          "pid": "55",
          "selection": "2"
        }
      ],
      "text": "\"Sorry about that, I am President Rosyl\"\n\n\"How can I help you?\""
    },
    {
      "name": "PrezQ",
      "tags": "",
      "pid": "54",
      "original": "\"I do not know who is responsible for the disapearences... all that I know is that many of our own believe that the Orcs are the ones who have been kidnapping people.\"\n\n\"However there is no evidence for this...\"\n\n[[Thank You. ->Village Square - Day]]",
      "links": [
        {
          "original": "[[Thank You. ->Village Square - Day]]",
          "label": "Thank You. ",
          "newPassage": "Village Square - Day",
          "pid": "19",
          "selection": "1"
        }
      ],
      "text": "\"I do not know who is responsible for the disapearences... all that I know is that many of our own believe that the Orcs are the ones who have been kidnapping people.\"\n\n\"However there is no evidence for this...\""
    },
    {
      "name": "Humanz",
      "tags": "",
      "pid": "55",
      "original": "\"The humans you are looking for are few in number now.\"\n\n\"The remaining humans reside in the chapel on the edge of the town\"\n\nShe also tells you something interesting... she tells you that there have been reports of a glowing purple light coming from the Chapel late into the night...\n\n[[Thank You. ->Village Square - Day]]",
      "links": [
        {
          "original": "[[Thank You. ->Village Square - Day]]",
          "label": "Thank You. ",
          "newPassage": "Village Square - Day",
          "pid": "19",
          "selection": "1"
        }
      ],
      "text": "\"The humans you are looking for are few in number now.\"\n\n\"The remaining humans reside in the chapel on the edge of the town\"\n\nShe also tells you something interesting... she tells you that there have been reports of a glowing purple light coming from the Chapel late into the night..."
    },
    {
      "name": " Approach",
      "tags": "",
      "pid": "56",
      "original": "You approach her, her name is Gorula.\n\nGorula asks if you need anything.\n\n[[Information On The Humans. -> Human2]]\n[[Thoughts On Pigmen. -> Pigmen Thoughts]]\n[[Ask about history. -> History]]",
      "links": [
        {
          "original": "[[Information On The Humans. -> Human2]]",
          "label": "Information On The Humans. ",
          "newPassage": " Human2",
          "pid": "57",
          "selection": "1"
        },
        {
          "original": "[[Thoughts On Pigmen. -> Pigmen Thoughts]]",
          "label": "Thoughts On Pigmen. ",
          "newPassage": " Pigmen Thoughts",
          "pid": "58",
          "selection": "2"
        },
        {
          "original": "[[Ask about history. -> History]]",
          "label": "Ask about history. ",
          "newPassage": " History",
          "pid": "59",
          "selection": "3"
        }
      ],
      "text": "You approach her, her name is Gorula.\n\nGorula asks if you need anything."
    },
    {
      "name": " Human2",
      "tags": "",
      "pid": "57",
      "original": "She tells you that the humans reside on the Chapel on the edge of town. Besides that she doesn't know much about them.\n\n[[Thank her and head back to the village square. ->Village Square - Day]]",
      "links": [
        {
          "original": "[[Thank her and head back to the village square. ->Village Square - Day]]",
          "label": "Thank her and head back to the village square. ",
          "newPassage": "Village Square - Day",
          "pid": "19",
          "selection": "1"
        }
      ],
      "text": "She tells you that the humans reside on the Chapel on the edge of town. Besides that she doesn't know much about them."
    },
    {
      "name": " Pigmen Thoughts",
      "tags": "",
      "pid": "58",
      "original": "Some of the Pigmen were less accepting of their integration into the village.\n\nShe mentions that Antonio, the one she had been fighting, had always been biased against the Orcs, even before people started to go missing.\n\n[[Thank her and head back to the village square. ->Village Square - Day]]",
      "links": [
        {
          "original": "[[Thank her and head back to the village square. ->Village Square - Day]]",
          "label": "Thank her and head back to the village square. ",
          "newPassage": "Village Square - Day",
          "pid": "19",
          "selection": "1"
        }
      ],
      "text": "Some of the Pigmen were less accepting of their integration into the village.\n\nShe mentions that Antonio, the one she had been fighting, had always been biased against the Orcs, even before people started to go missing."
    },
    {
      "name": " History",
      "tags": "",
      "pid": "59",
      "original": "Gorula tells you that some months ago the Orcs in this village orignally came from a  village far into the dark woods.\n\nHer village was destroyed by the increasing darkness of the forest which eventually consumed her village.\n\nHer and her father decided to move their people out where they eventually stumbled upon this village.\n\nHer father did not make it however...\n\nThe humans here welcomed the Orcs.\n\n[[Thank her and head back to the village square. ->Village Square - Day]]",
      "links": [
        {
          "original": "[[Thank her and head back to the village square. ->Village Square - Day]]",
          "label": "Thank her and head back to the village square. ",
          "newPassage": "Village Square - Day",
          "pid": "19",
          "selection": "1"
        }
      ],
      "text": "Gorula tells you that some months ago the Orcs in this village orignally came from a  village far into the dark woods.\n\nHer village was destroyed by the increasing darkness of the forest which eventually consumed her village.\n\nHer and her father decided to move their people out where they eventually stumbled upon this village.\n\nHer father did not make it however...\n\nThe humans here welcomed the Orcs."
    },
    {
      "name": " Information",
      "tags": "",
      "pid": "60",
      "original": "Purple magic is also known as ''void magic''. \n\nIt is an ancient magic that has massive ramifcations for the environment surrounding the user of it. It requires the destruction of all things living for it to be used to the fullest extent.\n\nVoid magic has been banned from being used for centuries and the only records that show it being used are now at least a millennium old...\n\n[[Head back to the Village Square -> Village Square - Night2]] \n[[Head to the basement -> Basement-end-2]]",
      "links": [
        {
          "original": "[[Head back to the Village Square -> Village Square - Night2]]",
          "label": "Head back to the Village Square ",
          "newPassage": " Village Square - Night2",
          "pid": "61",
          "selection": "1"
        },
        {
          "original": "[[Head to the basement -> Basement-end-2]]",
          "label": "Head to the basement ",
          "newPassage": " Basement-end-2",
          "pid": "47",
          "selection": "2"
        }
      ],
      "text": "Purple magic is also known as ''void magic''. \n\nIt is an ancient magic that has massive ramifcations for the environment surrounding the user of it. It requires the destruction of all things living for it to be used to the fullest extent.\n\nVoid magic has been banned from being used for centuries and the only records that show it being used are now at least a millennium old..."
    },
    {
      "name": " Village Square - Night2",
      "tags": "",
      "pid": "61",
      "original": "You return to the Village Square. You wait in the cold and dark environment for morning.\n\n''It is the slowest few hours of your long-long life...''\n\n[[...-> Village-Square]]",
      "links": [
        {
          "original": "[[...-> Village-Square]]",
          "label": "...",
          "newPassage": " Village-Square",
          "pid": "62",
          "selection": "1"
        }
      ],
      "text": "You return to the Village Square. You wait in the cold and dark environment for morning.\n\n''It is the slowest few hours of your long-long life...''"
    },
    {
      "name": " Village-Square",
      "tags": "",
      "pid": "62",
      "original": "People begin to start coming out of their homes and you warm them all of what you have seen. \n\nTensions between Orcs and Pigmen begin to die down and the healing of this village can finally begin...\n\nBefore the Humans in the Chapel know of what you have told the villagers. You report back to the academy and tell of the activity present in the village.\n\n[[...->Finale]]",
      "links": [
        {
          "original": "[[...->Finale]]",
          "label": "...",
          "newPassage": "Finale",
          "pid": "63",
          "selection": "1"
        }
      ],
      "text": "People begin to start coming out of their homes and you warm them all of what you have seen. \n\nTensions between Orcs and Pigmen begin to die down and the healing of this village can finally begin...\n\nBefore the Humans in the Chapel know of what you have told the villagers. You report back to the academy and tell of the activity present in the village."
    },
    {
      "name": "Finale",
      "tags": "",
      "pid": "63",
      "original": "(align:\"=><=\")[Conclusion....]\n\nYou pass your final trial and assist the Wizard order in destroying the humans in the Chapel.\n\nNow that the Void magic has been destroyed. The original homes of the Pigmen and Orcs are free from the darkness' grasp.\n\nHowever, because of their shared experiences the Pigmen and the Orcs decide to stay together and build a stronger village as one.\n\n''~~~Wonky Wizards''\n\n[[Restart->Beginning]]",
      "links": [
        {
          "original": "[[Restart->Beginning]]",
          "label": "Restart",
          "newPassage": "Beginning",
          "pid": "1",
          "selection": "1"
        }
      ],
      "text": "(align:\"=><=\")[Conclusion....]\n\nYou pass your final trial and assist the Wizard order in destroying the humans in the Chapel.\n\nNow that the Void magic has been destroyed. The original homes of the Pigmen and Orcs are free from the darkness' grasp.\n\nHowever, because of their shared experiences the Pigmen and the Orcs decide to stay together and build a stronger village as one.\n\n''~~~Wonky Wizards''"
    },
    {
      "name": " evil",
      "tags": "",
      "pid": "64",
      "original": "\"I cannot tell you anymore than I have.\"\n\n\"Just be careful when dealing with the remaining humans...\"\n\n[[\"Thank you\"-> Village Square - Night]]",
      "links": [
        {
          "original": "[[\"Thank you\"-> Village Square - Night]]",
          "label": "\"Thank you\"",
          "newPassage": " Village Square - Night",
          "pid": "21",
          "selection": "1"
        }
      ],
      "text": "\"I cannot tell you anymore than I have.\"\n\n\"Just be careful when dealing with the remaining humans...\""
    },
    {
      "name": " Downstairs-Food",
      "tags": "",
      "pid": "65",
      "original": "You head downstairs.\n\nYou see Friar Rodrick sitting and writing something...\n\n[[Offer him pie and ale as thanks. ->Pie&Ale]]",
      "links": [
        {
          "original": "[[Offer him pie and ale as thanks. ->Pie&Ale]]",
          "label": "Offer him pie and ale as thanks. ",
          "newPassage": "Pie&Ale",
          "pid": "66",
          "selection": "1",
          "marker":""
        }
      ],
      "text": "You head downstairs.\n\nYou see Friar Rodrick sitting and writing something..."
    },
    {
      "name": "Pie&Ale",
      "tags": "",
      "pid": "66",
      "original": "He thanks you and takes the pie & ale. \n\nHe wishes you safe travels on your journey.\n\nYou try to exit the Chapel but a magic force is preventing the door from opening.\n\nSuddenly, everything goes dark.\n\n[[...-> Basement-end-2]]",
      "links": [
        {
          "original": "[[...-> Basement-end-2]]",
          "label": "...",
          "newPassage": " Basement-end-2",
          "pid": "47",
          "selection": "1"
        }
      ],
      "text": "He thanks you and takes the pie & ale. \n\nHe wishes you safe travels on your journey.\n\nYou try to exit the Chapel but a magic force is preventing the door from opening.\n\nSuddenly, everything goes dark."
    }
  ]
}